params,num_parameters,num_epochs,epoch_train_time,training_time,backpropagation_time,loss_min,max_cpu_usage,max_ram_usage,accuracy,f1_score,precision,recall,confusion_matrix
"{'batch_size': 256, 'dropout_prob': 0.0, 'epochs': 128, 'hidden_layers': [128, 64, 32, 16], 'learning_rate': 0.001, 'weight_decay': 0.0}",11990,128,0.6992332935333252,91.55814909934998,1.648948821161992,0.0008359099738299847,0.0,32.2,99.36063590806981,0.9935721339011795,0.9936613855046308,0.9936063590806982,"[[1894, 0, 0, 0, 0, 0], [14, 1885, 2, 8, 14, 29], [0, 0, 1907, 0, 0, 0], [0, 0, 0, 1995, 0, 0], [0, 0, 0, 0, 1887, 0], [0, 1, 0, 0, 6, 1932]]"
"{'batch_size': 256, 'dropout_prob': 0.0, 'epochs': 128, 'hidden_layers': [256, 128, 64, 32], 'learning_rate': 0.001, 'weight_decay': 0.0}",45478,128,0.7281067371368408,96.43045020103455,1.7872069916013855,0.0004504844546318054,7.6,32.3,99.42111629514429,0.9941771342172155,0.9942767464840306,0.9942111629514429,"[[1894, 0, 0, 0, 0, 0], [16, 1885, 2, 6, 10, 33], [0, 0, 1907, 0, 0, 0], [0, 0, 0, 1995, 0, 0], [0, 0, 0, 0, 1887, 0], [0, 0, 0, 0, 0, 1939]]"
"{'batch_size': 256, 'dropout_prob': 0.0, 'epochs': 128, 'hidden_layers': [512, 256, 128, 64], 'learning_rate': 0.001, 'weight_decay': 0.0}",176966,128,0.7064731121063232,92.36536383628845,1.6674965578877465,7.667946192668751e-05,0.0,32.7,99.53343701399689,0.995318902760526,0.9953556500209796,0.995334370139969,"[[1894, 0, 0, 0, 0, 0], [10, 1905, 3, 5, 5, 24], [0, 0, 1907, 0, 0, 0], [0, 0, 0, 1995, 0, 0], [0, 0, 0, 0, 1885, 2], [0, 5, 0, 0, 0, 1934]]"
"{'batch_size': 256, 'dropout_prob': 0.0, 'epochs': 128, 'hidden_layers': [1024, 512, 256, 128], 'learning_rate': 0.001, 'weight_decay': 0.0}",697990,128,0.7034318447113037,91.57661151885986,1.6704590692704553,0.0001707793999230489,0.0,32.3,99.54207706929324,0.9954022860149855,0.9954511501065809,0.9954207706929324,"[[1894, 0, 0, 0, 0, 0], [11, 1903, 2, 10, 4, 22], [0, 0, 1907, 0, 0, 0], [0, 0, 0, 1995, 0, 0], [0, 0, 0, 0, 1887, 0], [0, 0, 0, 0, 4, 1935]]"
