params,num_parameters,accuracy,loss_list,training_time,backpropagation_time,max_cpu_usage,max_ram_usage
"{'dropout_prob': 0.0, 'epochs': 100, 'hidden_layers': [128, 64, 32], 'learning_rate': 0.005, 'weight_decay': 0.0}",11558,99.24831518921721,"[0.05460560321807861, 0.21563778817653656, 0.027168529108166695, 0.31939926743507385, 0.12790752947330475, 0.00991586223244667, 0.032280657440423965, 0.14724639058113098, 0.008675381541252136, 0.044249262660741806, 0.021023588255047798, 0.01495425682514906, 0.0158833134919405, 0.006166779901832342, 0.002092292532324791, 0.012124359607696533, 0.004883830435574055, 0.20736657083034515, 0.025494933128356934, 0.0017883371328935027, 0.003416117513552308, 0.11071237921714783, 0.19026723504066467, 0.16480983793735504, 0.012160110287368298, 0.029175154864788055, 0.0008846372365951538, 0.05567999929189682, 0.0009821197018027306, 0.004754204768687487, 0.00254656164906919, 0.012677038088440895, 0.002933890325948596, 0.002461379859596491, 0.3277706801891327, 0.005245063453912735, 0.0019609485752880573, 0.0016917568864300847, 0.0005985629977658391, 0.0030099523719400167, 0.001156946294941008, 0.012282454408705235, 0.0026314191054552794, 5.456427970784716e-06, 0.0031796544790267944, 0.002491386840119958, 0.0005689194658771157, 0.010533453896641731, 0.005826693959534168, 0.011503591202199459, 0.05026264488697052, 8.479863936372567e-06, 0.0026343869976699352, 0.15645140409469604, 0.003440104192122817, 0.0055344742722809315, 0.001735873520374298, 0.004502574447542429, 0.008328521624207497, 0.0014900226378813386, 0.035781797021627426, 0.0006050995434634387, 0.007097356487065554, 0.004595397971570492, 0.0010575635824352503, 0.01703733764588833, 0.0013801525346934795, 0.0005959536647424102, 0.08340894430875778, 0.002740405732765794, 0.000510428799316287, 3.36537450493779e-05, 0.0010946315014734864, 0.03394581750035286, 0.01487596333026886, 0.0006376381497830153, 0.0008029516320675611, 0.0028262557461857796, 0.004935335833579302, 0.0013591115130111575, 0.0009286827989853919, 0.0006635589525103569, 0.0013111886801198125, 0.00022724918380845338, 0.06217362731695175, 0.004382621962577105, 0.007923095487058163, 0.0067354841157794, 0.001057735993526876, 0.09071774780750275, 0.0005728208925575018, 0.00278006331063807, 0.0006169499829411507, 0.004069192800670862, 0.04950017109513283, 0.0001661667920416221, 0.038079697638750076, 0.004638118203729391, 0.0005799146019853652, 0.0018372851191088557]",255.4048671722412,1.084133636885585,2.2,28.1
